message,author,publishedAt,label
Coba tanya Toko Emas terima emas digital Hayo Berani mereka,@nikolasoetomo7063,2026-04-07T12:33:22Z,netral
Kalau menurutku lebih ke emas digital harganya tidak bisa dipermainkanemas digital harganya bisa dipantau setiap saat,@SriWarastri,2026-04-01T06:53:17Z,netral
Bukan penipuan sih kan di awasi OJK jugaBeli Emas digital itu hanya dapat NAMA ANGKA lu beli berapapun wujudnya ya cuma nama EMASTanpa kita tahu duitnya diperuntukkan untuk apa entah itu buat bisnis lain investasi dllKita dapatnya ya hanya NAMA ANGKA Resiko keuntungan ya ada di penyedia layanan Ada yg jawab kan di awasi otoritas keuanganYa emang penyedia jasa layanan apapun itu yang diawasi oleh otoritas keuangan tidak ada yang pernah bermasalah gitu,@SetyoPras-n7j,2026-03-21T16:09:21Z,positif
Kesini gara ada kenal online orang ngajak investasi emas digital dengan modal awal dollar katanya gimana ka apakah saya harus percaya sama orang ini Walau saya cuma kenal di online,@zahreyofficial8318,2026-03-17T07:41:45Z,netral
Kalo beli emas digital di app dana apakah aman,@arisefendi2472,2026-03-15T12:32:48Z,netral
aplikasi tring penipu aku sdh cetak fisik dan sdh transaksi sdh hampir bulan tks ada realisasi nya penipuan,@drhasannurhasan3015,2026-03-14T04:27:07Z,negatif
Saya nabung emas di aplikasi DANA apakah aman om di aplikasi DANA,@Adamchannel1993,2026-03-12T03:59:35Z,netral
Pemula baru mulai nabung emas digitallngsung genjot gram,@BEJO-um3xg,2026-03-09T11:19:37Z,positif
sya rencana mau nabung kbulan mending di buat nabung emas digital apa invest di bibit ya,@FuadArpel,2026-03-07T13:53:33Z,netral
beli emas digital di aplikasi dana gimana,@santai_aja29,2026-03-06T20:28:47Z,netral
Nabung mas digital di dana aman kah,@thatagwahyu1819,2026-03-04T18:56:29Z,netral
Ijin berbagi Saya punya pengalamanPunya bbrp teman yg punya emas cincin kalung bahkan gelang Setiap mereka jual balik selalu bilang Kok murah ya harga jualnya Harga jual beda dgn harga global lg punya teman Secara tdk lgsg dia sllu bilang mau ke bank mau bayar angsuran Hal ini berlangsung hampir tahun Dan saya bertanya krn penasaran bayarin apa sih Jawabnya sambil menunduk spt malu NABUNG EMAS kak Saya Saya bertanya lebih dalam dan akhirnya paham Setelah itu saya lihat cincin gr dijari manis saya,@DailyVlog_sorong,2026-02-22T02:51:24Z,netral
Terimakasih,@indrasukmayadi4116,2026-02-19T10:01:45Z,netral
Ty apakah emas digital itu,@awolprobolinggo-li2yo,2026-02-17T15:43:53Z,netral
Di cina ribuan tertipu dgn emas digital,@Sofikumbang18,2026-02-14T01:20:28Z,negatif
maaf mas mau nanya kalo kita beli emas digital misal atau rbu apkh nominal uang yg kita belikan trhdap emas itu akn brkurang krn sdah d ptong dn d sesuaikan dngan harga jual misal beli rb tp d tabunagan emas kita cuma jd ataukah nominal tetap tp akn d potong saat penjualan emas,@Iday-j8q,2026-02-11T01:22:49Z,netral
saya nabung emas digital di Kring pegadaian apakah itu aman kakudah lumayan sii nominal uang kurang lebih jt,@syafiraputri-d5r,2026-02-10T03:59:05Z,netral
kata lucuEmas digital,@rotterdam3789,2026-02-08T15:25:27Z,netral
Bukanya KLO belinya lewat brimo bisa beli dngn nominal ribu dan skian ga hrs oribu,@TiwukkuclukKucluk,2026-02-08T06:17:56Z,netral
nabung digital gram di th kemarin waktu mas naik coba sy cek hemmm mas saya tiba tinggal,@food3089,2026-02-06T20:23:47Z,positif
manfaatkan tring lah dr pegadaianbs diuangkan klo kita mo jual lg via rekening bank himbara,@ashh4bul-aklam,2026-02-06T13:07:15Z,netral
Enak digital sih kita GK bingung nyimpanya dah bingung nenteng ke mana KLO kita bepergian jauh,@dikiwahyudi2107,2026-02-06T07:56:28Z,netral
Tring by pegadaian apakah aman,@Fanuelv,2026-02-04T07:14:51Z,netral
Barusan jual emas digital ternyata harga jualnya dibawah pasaran mereka mengambil untung banyak dengan kondisi saat ini mending pegang emas fisik,@tangerangboy,2026-02-04T04:43:12Z,positif
Booodoooh gak usah nabung di digital tabungan fiktifTabunglah di tabungan yg nyata,@g-channel1773,2026-02-02T01:15:52Z,positif
saya liat di aplikasinya klw emas digital ada biaya tambahan untuk cetak emas fisiknya bang,@miftahulbait,2026-02-01T10:29:35Z,negatif
J Pegadaian ini pt penipu dan gk bertanggung jawab Saya sdh lunas cicilan emas juta lebih tp emasnya gk ada gk sesuai perjanjian lisan atau tulisan bahkan di tulisan itu emas punya saya yg saya gadaikan ke pegadiaan trus saya tebus pke cicilan katanya emasnya gk ada dan gk tau kapan datangnya mau bln bln bln taun atau sampek kiamat jg gk tau Ditanya cs cs wa atau email jg jawabnya gk tauNote segera tarik uang kalian atau aset apapun itu dr pegadaian jika ada sebelum terlambatNote kalo mau punya emas beli emas di tempat yg jual emas khusus harga seperti di web jgn cicil atau tabung digital,@PisangGoreng-y5t,2026-01-31T09:45:47Z,netral
Aku pernah awalnya takut dan khawatir ternyata real aku beli nya ragu cm ahirnya terkumpul alhamdullah ada kenaikan berkembang jd untung rb langsung aku jual dalm satu detik uang masuk ke rekening,@yuliapl5350,2026-01-30T11:53:15Z,positif
Emas Digital sudah pasti ada angkanya tetapi Emas Fisik apakah sudah pasti ada barangnya dan dalam bentuk apa dan siapa juga yang mau jagain emas segitu banyak tapi status emas tersebut punya orang,@tintondwinanda,2026-01-30T04:31:10Z,netral
saran aplikasi yang digunakan untuk investasi masapakah di NANOVEST bagus,@rahmattullah3293,2026-01-29T15:22:04Z,positif
Terimakasih,@iwanjedaru,2026-01-29T14:20:22Z,netral
Sya nabung emas digital sejak smpe skrg udah profit jt,@giofurleidaf,2026-01-29T13:49:45Z,positif
alhamdulilah selama ini fisik dan digital semuanya ada dan Duanya untung bisa bantu saat darurat,@nitasari5758,2026-01-29T13:45:39Z,positif
Kalau mau nabung emas di SDB sajaDi Save Deposit Box Mantap,@didi6758,2026-01-29T06:11:08Z,positif
yakin kah keamanannya lihat lah Dana Syariah Indonesia sudah terdaftar di OJK juga buntutnya ternyata sejak awal itu sudah skema Ponzi OJK tetap saja tidak bertanggung jawab bohong semua,@puteracahyadi,2026-01-29T06:07:33Z,netral
Harga emas sekarang naik derastis hampir jt Kalo saya beli sekarang mungkin nggak ya kedepanya harganya anjlok lagi,@Joeirwan7,2026-01-28T14:59:12Z,netral
Sama punya kelebihan dan kekurangan masing,@Suadi_Phang,2026-01-28T01:12:39Z,netral
Dana aman kan bg,@nor_ax8414,2026-01-27T03:38:53Z,positif
Kalo nabung emas di shopee aman gx bang,@tilemotovlog3194,2026-01-27T03:22:54Z,positif
Klo terjadi rush atau penarikan besar an sekaligus kuatir emas fisik tidak tersedia Bank aja dibegituin bisa bleeding padahal itu tempat menyimpan uang,@armanz.s1032,2026-01-27T03:08:16Z,netral
Kalau Akun Dana Gmn aman Tidak,@Freerapah,2026-01-26T15:36:03Z,positif
Beli emas digital sama artinya kita beli angin membayar tapi tidak bisa lihat pisiknya,@suwardi3248,2026-01-26T15:23:08Z,negatif
Walau ini berita lama tapi saya belum yakin keamananyaSesuatu yg pemerintah punya aja bisa berantakan apalagi ini Contohnya asuransi jiwa sraya sekarang gak tahu kabarnyaIni memang beda tapi ketika nanti terjadi masalah dan akirnya bubar nasabah tentu dlm posisi lemahHal serupa juga terjadi pada pencairan BPJSKemarin ada ibu yg bingung ketika kartu pakelaring hilang dan perusahaan tempat bekerja tutupKata petugas bpjs gak bisa diurus sudah diambilkatanya Membuat si ibu semakin bingung dan akirnya pindah kantor bpjs untuk tetap mencari Tapi ada juga yg kasih informasi bahwa walau punya banyak no bpjs karena pindah kerjananti bisa dicek dan disatukan kemudian dicairkan jadi Itulah fakta selalu ada keruwetan,@tukijan4047,2026-01-25T23:41:57Z,netral
emas digital apa itu mksh,@sriindriyati-h6s9u,2026-01-24T07:41:43Z,netral
Sybuat tabungan mas di pegadaian sy coba semua kemudahan spt jual butuh tunai dbyr sesuai hrg emas saat terkini nya,@TabAdelapanlite-tw3sh,2026-01-23T10:52:58Z,positif
laku emas aman gk,@arcondroagusty1034,2026-01-21T00:33:19Z,positif
Pengalaman saya dari pertama beli emas fisik yang saya alami beli emas fisik ada jasa upahnya kedua kalau pas kita kepepet kita jual harga nya turun jauh dari harga beli saya faham kalau bli emas untuk infestasi harus butuh waktu lama baru untung Dan di tahun saya memulai dengan membeli emas digital awal beli gram di harga rp juta Dan saya pantau pergerakan emas setiap hari naik dan saya membeli stiap minggu stelah bulan saya profit dari modal menjadi juta Saya pun coba mengambil keuntungan dengan menjual emas yang saya beli ternyata ga ada sama sekli potongan Dan dari itu saya memutuskan untuk inves ke emas digital Sampai skrg dari bulan dan kini bulan modal juta jadi juta dalam waktu bulan saya profit juta ribu,@liberthadewii6142,2026-01-20T19:26:06Z,positif
Saya Dari nabung rb sekarang sdh punya gram di pegadaian,@martinuspangaribuan3995,2026-01-20T16:09:05Z,positif
Udah paling aman nabung emas di pegadaian,@Junarta07,2026-01-20T14:27:06Z,positif
Mohon sarannya aplikasi apa yg keamanan terjamin untuk investasi emas digital,@damiance7072,2026-01-20T11:14:49Z,netral
Sempat nabung di pegadaian sblm pandemi covidsisa gramVakum sampai kirain udah hangusaku download aplikasi Tring ternyata saldo gramnya utuhnominal rupiah jadi JT dari awal nabung rupiah sktr rb,@AgusBudiman-q6r,2026-01-20T04:46:33Z,positif
Kalaw emas digital kalaw kita butuh kita bisa jual senilai kebutuhan saja misal punya emas gram kita bisa jual gram gram berapapun itu kalaw punya emas fisik gram kita btuh gk senilai jumalah gram jual emasnya mau gk mau jual gram keping itu,@DianAlamsyah,2026-01-20T02:19:27Z,netral
Puji Tuhan Yesus ud beli emas digital di pegadaian untuk di tabung aman,@kamfrettos9716,2026-01-19T11:03:25Z,positif
Emas ghoib gak ada bendanya klo listrik di muka bumi lenyap menagislah kalian,@liminmua9148,2026-01-19T07:57:11Z,netral
udah sejak lama kebetulan main ke pegadaian mau gadai motor cuma buat numpang nyimpen aja biar aman ada tv yg nayangin iklan emas pegadaian isinya seorang ayah yg nabung emas untuk anaknya kuliah dan nerangin harga emas itu selalu naik sejak saat itu nabung dan g kecewa hasilnya,@whatyoulookingat_11,2026-01-18T15:55:15Z,positif
Saya lebih suka nabung emas dibrimo,@JihanCell-n7u,2026-01-17T04:15:05Z,positif
Nabung emas digital di Pegadaian udah berjalan tahun Alhmdulillah aman dan tambah cuan,@sangkelatalquds9227,2026-01-14T22:35:56Z,positif
Mas Bambang paling terpercaya,@nugrohoarwan6900,2026-01-14T11:17:24Z,positif
Bang Kalau yang ada di Aplikasi Brimo Gimana bang Bisa di jadikan fisik apa tidak,@stenlykufla8546,2026-01-14T07:54:42Z,netral
Kadang yang bikin ragu digital bisa dikontrol pemilik web atau aplikasi,@PKBMGAJAHMUNGKURWONOGIRI,2026-01-13T05:00:55Z,netral
Makasih sudah di edukasi,@cellistaiueo,2026-01-10T01:36:16Z,netral
Listrik dan koneksi adalah Kunci,@kasamago,2026-01-09T06:38:31Z,netral
Emas digital udah paling benerGk ribet nyimpen nya kalo fisik resiko hilang Harus punya brangkas yg bagus biar amanKrna rumah masih ngontrak udh paling bener digital ajaGw nabung emas di pegadaian udah dari Sampe detik ini alhamdulillah amanaman saja mulai nabung dulu masih jutaanSekarang sudah jutaanAlhamdulillah sudah gramTarget pertama sampe gram untuk biaya sekolah anak nantinya dan dana pensiun pribadi,@fansyaelfirantama2870,2026-01-08T14:00:14Z,positif
Kalo saya untuk Alesan beli emas di digital nya saya beli dengan harga yg lagi lagi Tpi daya jual nya lagi turun saya berharap nya untuk kesepian nya harga jual nya semakin naik,@MasReno-c1y,2026-01-07T11:03:52Z,positif
BANG KLW BELI EMAS DI GITAL PAS UNTUNG DIKIT TRUS DI AMBIL LABANYA BAIK GK APA MENING DI BIARIN TAR KLW LABA BESAR BARU JUAL SEMUA,@RumahTasik-k4m,2026-01-07T09:21:55Z,netral
Beli emas digital di Aplikasi Dana cepat dan praktis,@FartinMeharna,2026-01-02T18:24:49Z,positif
Maaf bang kalau dana gimana bang,@adjikautzar244,2026-01-01T05:03:29Z,netral
Gimana klu beli emas di dana Apakah aman,@BlackAnt-76,2025-12-29T12:07:23Z,netral
kalo treasure aman gak ko,@WONG_MUMET96,2025-12-27T15:47:41Z,positif
Pengalaman gw investasi emas di Pegadaian aman Pencariannya juga gak sulit kok Cuma ya pertimbangin aja dengan biaya adminnya minimal saldo mengendap Selama ga sering diganggu emas digital aman aja imho buat tabungan yg tahan inflasi,@kepperbeegames,2025-12-27T09:34:49Z,positif
Penjelasanya bagus auto sub,@boseasep7505,2025-12-27T03:11:10Z,positif
y saya jg mu mas d gital cma kepikir nabung mas sekrng cba lgy dri udh bnyk,@UinBajil,2025-12-26T16:45:40Z,positif
Apakah indogold aman,@YareYare-by7eh,2025-12-22T22:47:58Z,netral
Dana gimna,@muhammadahmadarifin7649,2025-12-22T06:41:29Z,netral
Mohon bantuannya komandan kami adalah salah dr sekian banyak ribuan korban penipuan investasi NOAHdulunya bernama NITG Kontrak kami disuruh menunggu hari sampai sekarang belum dibayarkan,@yasuiebloser6844,2025-12-20T16:12:18Z,netral
Emas di dana aman gak,@JonathanMarino-e9f,2025-12-20T10:11:14Z,positif
Di dana cetak emas minimal gr,@nurfitriasofi18,2025-12-18T15:01:25Z,netral
Baru beli segram udah di ambil lagibahahah,@orihandani3646,2025-12-16T23:32:59Z,netral
beli emas digital di dana tahun lalu pas beli sekarang,@Raizsatria-c7y,2025-12-15T08:50:55Z,netral
Klw saya nabung emasnya d aplikasi brimo,@bubucat231,2025-12-15T04:21:47Z,positif
Alasan tidak direkomendasikan membeli emas dan perak etf jika sistem runtuh semua akan bergantung ke aset riil Dan mereka yg mengelola asset etf tidak akan memberikan emas fisikmu Jika tidak ada holder fisik maka harga emas dan perak akan sangat volatil karena ada banyak kepentingan yg memanipulasi harga dg praktik spoofing dan short selling asset yg bagus itu yg likuid namun tidak terlalu likuid menjual hanya dengan menekan tombol Itu terlalu liquid seringkali menyebabkan harga tidak stabil sedangkan datang ke toko logam mulia untuk melakukan penjualan itu likuiditas yang sehat,@Nuriaini-z7q,2025-12-09T22:17:28Z,positif
Om kalo ada orang ngajak bisnis emas digital tapi saya tidak mengerti apa apa apa yg harus saya lakukan,@saifulanam77,2025-12-08T13:07:59Z,netral
Kalo beli emas di dana gimana tu legal ga ya,@SitiRisma-vr2il,2025-12-07T05:40:35Z,netral
Melvin mirip sekali sama Patrick Waluyo,@epoernomo,2025-12-01T20:59:59Z,netral
Saya PAXG XAUT,@didikdh1987,2025-11-28T02:14:31Z,netral
Kalau nabung emas bagusan pake uang dingin biar gak bentarbentar kita jual emasnya pas ada kebutuhan,@leonardprihantorosinaga1817,2025-11-27T13:53:24Z,positif
Tetep emas kuasai fisiknya Kl emas digital yang menguasai fisiknya siapa Kaka,@rilaksaplayground1461,2025-11-23T10:34:05Z,netral
Saya baru akan coba tapi nonton dulu referensi di channel ini,@AhmadIqraNagara,2025-11-20T15:15:17Z,netral
Saya nabung mas gram Di tahun yg lalu sharga per gram mau Di pakai mungkin tahun lagi nunggu anak kuliah,@dorisa1214,2025-11-19T14:14:27Z,positif
Udh males skrg sm mas fisik kalo jual suka dimainin sm cici tokonya bukanya untung malah minus,@olivechannel22,2025-11-15T09:21:37Z,positif
info dong buat beli emas fisik di apk ap yg bagus,@Alfin86-x7u,2025-11-15T07:20:52Z,positif
saya beli gram emas digital di pegadaian langsung mines rb karena harga beli mahal dari pada harga jual,@JiromBeats2,2025-11-14T08:57:58Z,negatif
Pegadaian berarti gak legal ya bang soalnya gak ada di website bappebti,@yustiyanahabsari3540,2025-11-14T07:35:46Z,netral
Saya baru bulan itupun baru naek sekarang karna sering dipantau,@fahmimohamadrivai6359,2025-11-12T09:58:54Z,positif
Saya lebih enak pake mas Digital bisa di pantau grafiknya di jual kapan pun enak tanpa di bohong in sama penjual,@Drabocalm,2025-11-11T12:48:15Z,negatif
izin bertanya jika beli emas di aplikasi dana itu aman ga tolong di jawab,@Risky-wz3gz,2025-11-10T12:21:35Z,netral
Aku masih jadul cara berfikir nya tetap aja aku harus pegang fisik nya Seperti halnya deposito jg begitu Tetep aja harus pegang fisik Wkwkwk,@MawarPutih-e7f,2025-11-10T00:08:14Z,netral
FOLOW kakak,@topekkamali6969,2025-11-09T10:09:39Z,netral
Aku di dana baru minggu udah naik,@NungSleep,2025-11-08T12:44:15Z,positif
Sy menabung tabungan emas shopee kerjasama treasury penggunaannya sangat mudah dan simpel ibarat menabung tanpa khwtr terkena inflasi aman dan mudah di cairkan,@judawirbariah2676,2025-11-07T17:19:48Z,positif
selama ini transaksi dengan bsi dan pegadaian tidak pernah kecewa kalau aplikasi biasanya buat beli dari recehan sisa budgeting sih kalau sudah gr difisikkan kalau cicil emas bagusan offline lah datang ke kantornya auto debet tiap bulan jadi kaya nabung tapi ini bentuknya emas so far so good,@buatkerja-g5w,2025-11-07T02:49:14Z,netral
Udah jalan tahun pakai tabungan emas digital di pegadaian Nabung bukan krna nyari untung tapi untuk menghindari inflasi aja Target sebisanya gr pertahun Nabung emas cara saya ya uang yg dipakai adalah uang yg diperkirakan bebas untuk minimal tahun kedepan diluar dari kebutuhan pokok dan harian serta dana daruratSejauh ini masih berjalan lancar ajaKenapa pilih digital dan bukannya fisik Soalnya saya nomaden Sering pindah tempat tinggal dan kerja Maunya ingin yg emas fisik tapi tak sampai hati mengingat sifat saya yang lumayan teledor,@justbecause2921,2025-11-05T12:54:51Z,netral
Emas digital ga harus si cetak fisik koJd bisa dijual ndk langsung tanpa cetak fisiktq,@Bohinyess,2025-11-04T15:49:33Z,netral
Agak mirip elon musk selewat pak wkwkwk,@icancal,2025-11-03T19:23:59Z,netral
adekkaum milenial harus cerdas ya dek harus pakai logika sebelum menyesal sampai sini paham kan,@LittleBee-k3n,2025-11-03T19:15:38Z,netral
Arwanatoto tempat cuan cepat Modal receh hasilnya lebat,@LongKim_5811,2025-11-03T05:52:06Z,positif
Arwanatoto tempatnya nyata Main sebentar saldo nambah nyata,@An.Viên.Mạnh,2025-11-03T05:52:02Z,netral
Bng tapi saya di aplikasi pluang sprednya sekarang jauh banget sampe Gimana yaDulu waktu masih awal tahun masih stabil Sekarang,@agungprasetyo9984,2025-11-01T12:04:49Z,netral
Terimakasih kho infonya sukses selalu,@sujadijamal8070,2025-10-31T08:51:03Z,netral
seandainya suatu saat semua nasabah mau minta emas fisiknya apakah perusahaan sanggup menyediakan,@bobbysaputra4real,2025-10-30T08:40:45Z,netral
Beli emas itu tunai dalam satu majelis akad dan tidak boleh bertangguh,@SulaksanaNanda,2025-10-29T23:48:45Z,netral
udah maen emas digital selama thun simple dan aman,@dimaswibowo6011,2025-10-29T23:23:14Z,positif
Lebih aman di pegadaian karna ada kantor cabang nya klo ada apa apa kita bisa kunjungi,@Hartoyo-Car,2025-10-29T15:29:26Z,netral
kalau beli emas di aplikasi Dana aman gak sih,@bumblebee119,2025-10-29T00:44:25Z,positif
Saya beli Dinaran mas digital,@dennyirawan8725,2025-10-27T14:24:44Z,netral
mau tanya dong apk dana aman ga ya buat beli emas digital ada yg pernah beli di dana,@fitriadc5892,2025-10-27T00:40:02Z,netral
Akun saham di bank terkenal aja biss ilang di boboluang di bank juga bisa ilangngeri sih bentuk digital,@wisatakuliner122,2025-10-26T22:20:55Z,netral
Bri emas kerja sama dengan pegadaianya lebih ok oplikasi bri apa bsi kak utk tabungan emas nya,@ny.yesipradhanafahriza1776,2025-10-24T05:45:21Z,netral
Saya di gital sudah untung juta rupiah,@muhammadsaidsaid129,2025-10-24T04:11:03Z,positif
Maaf kaktanya tentang aplikasi dinaran itu apakah aman Karna istriku dah keracunan saudara mohon dijawan,@wongsepele1719,2025-10-23T23:06:05Z,netral
Sy baru memulai Investasi emas dan etf mudahan bisa continue terusaamiin,@random_85,2025-10-23T12:06:09Z,positif
Aplikasi rawan sekali hilang,@Agusman-f4r,2025-10-23T04:10:12Z,netral
Lebih aman mas pisik jelas lihat emasnya Suai kemampuan aja beli emasnya,@Agusman-f4r,2025-10-23T04:09:41Z,positif
Alhmdulillah tahun udah mulai nabung emas digital di pegadaian Walaupun telat menabung tp tetap semangat menuju Indonesia emas,@sangkelatalquds9227,2025-10-21T10:24:08Z,positif
kalau hukum perdagangan syariah harus ada fisik emasnya sedangkan digital itu emasnya halu so sebaiknya harus ada fisiknya,@lundyfirdiansyah3374,2025-10-21T09:51:20Z,negatif
saya lebih suka emas fisik klo dah ngumpul tuker ke tanah Pernah pake digital gk sukanya ada potongan admin setiap beli dan biaya tahun mengendap gr,@renreline6039,2025-10-21T08:20:33Z,negatif
Lebih untung emas digital lah Potongan ga banyak cuma persen klo fisik nya bisa di atas persen,@unboxingnew3612,2025-10-21T06:09:20Z,netral
saya udah pakai aplikasi emas digitalaplikasi DINARAN sejak harga emas waktu itu rban per gramdan smpai skrg menjelang akhir masih pakai aplikasi DINARAN,@rhozyakhmed4121,2025-10-20T18:08:29Z,netral
Saya lebih suka nabung XAUT di Bitget OKX atau Binance baru mulai,@Westpro_99,2025-10-20T10:16:52Z,positif
sudah pernah pakai pluang pegadaian dan saat ini masih punya aset di treasury,@Blitar_Keren,2025-10-20T03:22:45Z,netral
Risiko emas digitalsaat internet di seluruh dunia mati total,@baradurhaka,2025-10-19T17:56:11Z,netral
Yang udh pasti investasi emas digital di pegadaian aja yg udh past legal bisa di buy back cetak fisik bs juga di gadeinTanpa ribet tring pegadaian Danantara,@herman3781,2025-10-19T08:40:01Z,positif
Mulai nabung emas digital pegadaian sejak emas fisik Antam mulai sulit didapat harus antri Emas digital mudah dibeli mudah dijual gak perlu antri ribet Kalau mau cetak emas fisiknya juga mudah lewat aplikasi tring pegadaian hanya harus sabar nunggu untuk bisa dapat emas fisik Terakhir Agustus saya antri bulan untuk cetak emas fisik tabungan emas pegadaian,@CrewjoGarden,2025-10-19T05:10:24Z,positif
Emas digital gak ribet kalo jualbeli tinggal pake hp lgsg kelarga harus panasan keluar rumahpake motormobilpake jilbabtopi,@arini5174,2025-10-18T23:03:37Z,positif
pengen jg nihars cba tdk ad kata trlmbat,@RemonUlunorolalengUlunorolalen,2025-10-18T22:22:26Z,netral
Belum pernah bagimana keamanan dan keuntungannyq,@DRdtpadukotuan,2025-10-17T23:18:16Z,netral
Treasury aman ga ya,@muhammadfadholimunthaha4053,2025-10-17T17:26:31Z,positif
Apakah investasi di dana aman min,@Pratamaaldo-b7k,2025-10-17T13:30:36Z,netral
Bahas emas di BSi dong bang,@karimachan1160,2025-10-17T10:09:00Z,netral
Lebih aman di indogold dana atau tring by pegadaian,@Nakiyagamingyt,2025-10-17T02:53:06Z,positif
Sy lebih suka emas digital cuma takutnya perusaan nya tutup tapi semoga tidak tutup Krn belinya lebih mudah tampang,@maiyajutek2716,2025-10-17T01:37:57Z,positif
digital ada biaya perawatan kok aneh tdk ada fisik tapi ada biaya perawatan,@ikilaptopservicelaptopmala2347,2025-10-16T21:24:25Z,negatif
Saya sudah mulai Dari bulan lalu saat harga sekitar jt bulan Telat sih memang tau gitu saya deposit ke emas sejak taun lalu Lebih baik gak usah nunggu turun kalo udah punya uang lebih,@endrotom7723,2025-10-16T14:24:49Z,netral
Mas digital,@cahayadanzahwa-r3w,2025-10-16T08:04:19Z,netral
Penipuankrn ga pegang emas aslinyahati waspada,@DanuWijaya-t3l,2025-10-16T01:36:36Z,negatif
Utk skrg digital aja karn fisik capekcpt banget berubahhya,@nyiradentriumiati1184,2025-10-15T23:17:02Z,netral
Emas kok digital orang kalo beli emas itu ya ada barangnya minimal gawe ngantem kirik kaing kaing,@Ether2025-u3u,2025-10-15T08:48:18Z,netral
Aplikasi dana ada emas fisiknya juga gk,@Pratu.X,2025-10-15T04:48:45Z,netral
lebih fleksible kepemilikan emas lebih mudah dengan gramasi bebas rb pun dpt klo beli fisik malah belum tentu dapat krn yg bikin langka itu krn kepemilikan digital itu sudah ditimbun jadi sangat sedikit yg di jual secara fisik gorwng menggoreng,@10jt.LAPANGANKERJA,2025-10-14T09:59:46Z,positif
Beli emas bersamaan dengan uang nya lepas uang pegang emas di satu tempat di satu waktu jika tidak maka akan menjadi ribaingat itu,@masudsubchan821,2025-10-14T07:56:28Z,netral
Iming iming pindah emas asli ke emas digital itu sama seperi iming iming saat pindah dari emas ke bon utang yang sekarang disebut uang Iming iming lebih gampang lebih aman taunya zonk Bank ga nyimpen emas sejumlah bon yang mereka keluarkan Akhirnya nilai bon terus devaluasi,@babasbebas951,2025-10-14T00:08:38Z,positif
Awalnya sya rugi emas digital Tapi sekarang ini sudah untung,@ikrarkhyra1456,2025-10-13T15:19:21Z,netral
Kalau nabung emas digital di DANA aman kah bang,@sulfiadifirdaus6833,2025-10-13T11:44:18Z,netral
emas digital sama uang kertas samasama berdasarkan kepercayaan,@ariefxsofyan,2025-10-13T02:08:48Z,netral
hati selaluaku aja beli setelah hari mau cetak emas katanya kosong gram kosong gram kosong disemua merek juga kosongdan saldo kita harus ngendap gram ini aku beli diaplikasi pegadain,@AbdullahStore-m7j,2025-10-12T11:24:53Z,netral
saya nabung emas digital di aplikasi brankas LM Antam karena sudah diawasi Bappebti,@adityanugroho8965,2025-10-12T11:05:21Z,positif
Bang kalo inves emas digital di apk Dana Apakah Aman,@YanuarRomadhon98,2025-10-10T17:44:55Z,netral
Klo tidak dapat dipegang brrti itu bukan punyamu Se Simple itu,@thanksomben,2025-10-09T15:50:50Z,netral
Klo di trasure apakah sdh dilindungi oleh pemerintah bang,@desawisatasetulang4137,2025-10-07T04:38:52Z,netral
Hah tutup kalo masal kan kita pilih waktu thn tapi di pertengahan perusahaan tutup trus gimana uang kitaMaaf pemula,@rizalsaputra7981,2025-10-04T05:49:19Z,netral
Kalau nabung emas d Aplikasi Dana aman ga bang mohon d jawab,@frendikasimbar2028,2025-10-03T21:54:59Z,positif
saya baru mencoba nabung beli emas digital dgn harga RP di peluang,@theeaglest9982,2025-10-03T07:16:04Z,positif
Bang mau tanya klo seumpama beli emas di apk dana apakah aman,@ZidaneAlifiansyah,2025-10-01T18:58:35Z,netral
asekkmelek digitalyuk invest mulai sekarang,@AZHARIAz-d2d,2025-09-30T17:58:14Z,netral
Untuk orang tua pastinya fisik,@adipaticlose2127,2025-09-27T16:32:22Z,netral
Oke oke,@gadisbiru2875,2025-09-27T04:34:17Z,netral
Gue lagi nabung eMAS digital di aplikasi Dana dan lagi nabung bitcoin di aplikasi ajaib,@muhammadwibowo-rp9cr,2025-09-26T08:48:31Z,positif
grm skrng hrga,@candikuninga4748,2025-09-26T07:31:15Z,netral
Aman gak ya,@AyuNazwa-r2r,2025-09-23T09:28:40Z,positif
Saya pke apk dna buat nyicil emas apakah aman kasih saran dong,@thekingofDarkness1211,2025-09-22T18:28:04Z,netral
apakah rekomendasi beli emas digital di apk dana and apakah bisa cair cepat saat dibutuhkan untuk darurat saat akan di jual dan apakah mudah saat akan mencetak emas itu kebentuk fisik nya dan dimana bisa di ambil emas fisik nya dan apakah ada surat dll dan sekali lagi apakah masih rekomendasi buat beli eMAS digital di apk dana soalnya temen saya pernah beli di apk dana waktu thn gram emas digital waktu mau di cetak fisik itu susah lama and cair nya ga bisa langsung spontan seperti pas awal beli eMAS digital nya bantu Jawab dude,@rifkigamink6743,2025-09-22T13:18:53Z,netral
Jgn lupa emas digital pun bisa hilang,@cashtree266,2025-09-21T16:07:07Z,netral
kalau investasi emas di Brimo aman ngga bantu jawab saya pemula,@jakmania-ul6gu,2025-09-19T23:17:02Z,positif
Lagi bingung nih antara mau nabung emas digital di BRANKAS Antam atau emas digital di pegadaian Masukannya dong mana yang lebih aman dan menguntungkan,@ayuseptiani8586,2025-09-17T01:03:46Z,positif
Lu pilih yg digital atau fisik bang skrg dan kedepannya,@AntGaming-yZR,2025-09-11T04:58:07Z,netral
Mending nabung emas fisik tp diem diem aja jgn koar koar ke tetangga kanan dan kiri nanti jadi target loh kalau Invest ke tanah jgn di anggurin nanti di sita negara,@endadbandenk2458,2025-09-02T17:15:57Z,positif
Emas di aplikasi gak naik,@Randiazuro.89,2025-09-02T01:38:32Z,negatif
Kalo beli emas di aplikasi dana aman gak ko,@menolqurt8993,2025-08-28T16:46:59Z,positif
Bang lbh baik tabung emas di BSI atau pegadaian,@latifahbedadewa5766,2025-08-26T09:51:26Z,netral
Alhamdulillah dapat pencerahan makasih bang,@MayaAyunita,2025-08-23T16:39:45Z,netral
Dulu dolar di backup emasmungkin emas digital masih di backup emas asli sekarangga tau nantisemakin emas banyak yang beli dan emas fisik itu terbatas maka boom boom boom,@ranadrana3520,2025-08-23T07:30:41Z,positif
klo beli emas digital gold Dubai apa aman,@kholikyoutube212,2025-08-22T23:51:59Z,netral
Bengkulu hadir abangku,@yantoowaee,2025-08-20T09:30:55Z,netral
Saran Apk yang aman buat nabung emas digitalll,@inalaeliherlina4475,2025-08-20T06:46:31Z,positif
app dana aman ga,@AGUSIPIR,2025-08-18T12:44:05Z,positif
saya nabung emas digitalnya di DINARAN alhamdulillah aman dan banyak pilihannya,@abdulwahabnurbachtiar4391,2025-08-13T00:17:35Z,positif
Saya pakai aplikasi pegadaian digital bisa beli minimal ribuan,@Saiful_Bahri1983,2025-08-11T13:47:37Z,netral
Aku ada tabungan jtsaran dong biar uang nya bs ngalir dan berkembang trs aku harus apa,@Tyonugroho_22,2025-08-09T02:23:59Z,netral
buka rekening BRIMO cuma mau nabung emas doang,@Sauqy-aoki,2025-08-05T16:24:01Z,positif
saya lebih suka emas fisikalhamdullilah udah terkumpul gram antam kalau emas digital takut di bobol hacker,@vivicute8742,2025-08-04T22:43:49Z,netral
pegadaian digital gak ada persetase keuntungan dari akumulasi harga beli emasnyatreasury bareksa pluang dana ada semua,@riffa.sport91,2025-08-04T13:56:02Z,netral
Investasi emas digital tidak aman dan merugi didalam kekacauan negara perang perang hacker bencana yang merusak saluran internet,@benisuroyo8293,2025-08-04T01:12:49Z,netral
Penginnya sih emas fisiktp banyang emas palsu membayangi terus,@diil2368,2025-08-02T02:31:41Z,netral
Kalau menabung di pegadaian apakah menguntungkan atau tidak,@umbuhuri9847,2025-08-02T01:51:45Z,netral
kalo beli emas di dana aman ga,@muhammadramadhan7582,2025-07-23T14:58:12Z,positif
b,@Vicky-ys4pc,2025-07-22T15:26:58Z,netral
Saya nabung di emas digital setelah mencapai jumlah tertentu saya cetak dan simpan Biar kelihatan aja barangnya,@adityawatichandrakirana230,2025-07-21T11:16:52Z,positif
Klw emas digital kadang mainin systemky slippage,@hevyzx9768,2025-07-19T21:36:41Z,netral
Kalau Tabungan Emas Pegadaian itu dibawah pengawasan OJK Beda aturan dengan yang dibawah bapepti,@benywibisono,2025-07-19T08:01:49Z,positif
Saya mulai menabung emas digital dari tahun,@teukucmuhammadasrulajlastr2122,2025-07-18T14:50:04Z,netral
Treasury aman ya bang,@IamNiengsih,2025-07-18T07:16:06Z,positif
Saya sudah menabung emas digital sejak tahun lalu aplikasi pegadaian Saat ini jumlahnya telah mencapai sekitar gram atau setara Rp juta Praktis tanpa perlu khawatir soal penyimpanan atau risiko kehilangan Jika sewaktuwaktu butuh dana cepat emas tersebut bisa digadaikan secara online Sangat cocok sebagai dana darurat karena sifatny,@pujirahayutaurusita7544,2025-07-16T01:53:46Z,positif
Ayo beli fisik,@muhammadilyasardiansyah9295,2025-07-15T03:03:40Z,netral
Mas dari sekian banyak apps yg mas pake utk beli emas digital mana yg PALING GAMPANG PALING CEPAT proses penjualan penarikan dananya Karena beli emas digital di semua apps prosesnya sangat mudah Tapi begitu emas digital dijual proses pembayaran pemindahan dana ke rekening bank kita bisa amat sangat lelet sekali,@harsoisworo5394,2025-07-14T04:40:37Z,positif
Sya Nanovest krna udh integrated dgn Saham US and Cripto jd bisa diversifikasi di platformItu gimana bang,@shelmydailyvlog,2025-07-11T22:58:17Z,netral
Pake Pegadaian digital waktu beli harga rb sekarang dah rb malah kemarin mau sentuh rb,@andisuswanto9861,2025-07-11T13:46:22Z,netral
yang lebih aman dan menguntungkan pastinya hanya,@ChiaChessy,2025-07-10T10:26:25Z,positif
Kalau aplikasi dana gi mna,@Predator.Lautan,2025-07-10T10:21:58Z,netral
Nabung emas sm kosy di pegadaian syariah digital jugaKeuntungannya selain bisa di cetak klo di gadai bunga nya lbh rendah dr pd gadai emas fisiktentunya klo mau cetak nmbh biaya yatp hrg emas digital lbh murah dr pd emas batangan fisik jgkrn yg fisik sdh sm biaya cetaksedang digital hrg blm sm biaya cetakmending nabungklo sdh gr atau grdstsesuai keinginan br kita cetak yg tentunya tdk usah ber kali biaya cetaknyajd tdk usah per gr kita cetak,@vania_agselyy8973,2025-07-09T10:53:53Z,negatif
Bank digital emas digital sertifikat rumah digital Kok maunya pada simpan di sana Mikir dong sekali klik atau dihack ilang tuh asset,@lifelemonade777,2025-07-08T22:12:03Z,netral
Info aplikasi emas nya dong kaka,@Karaeng_MV_channel,2025-07-07T13:07:42Z,netral
Gw menang slot gw beliin emas digitaldari harga rb sampe sekarang kekumpul hampir gram,@blvg3447,2025-07-04T18:03:15Z,netral
Emas digital lbh cocok bagi yang ingin trading emas kalau utk tujuan menyimpan emas mending emas fisik jauh lbh aman krn di Indonesia yg namanya dunia digital gampang dibobol spt rekening nasabah di BRI yg bs tiba raib saldonya,@jonnyryacudu,2025-07-04T03:03:00Z,positif
Pluang sama treasury aman ngga min,@nature_2519,2025-07-03T14:28:20Z,positif
Tp di Bsi hanya tersedia lm antam Itu di kotaku entah kota lain,@anikmulyani1776,2025-07-03T07:40:03Z,netral
Emas digital emang bisa dicetak tp biaya cetaknya mahalgak tau ini konsepnya gimanaAda yg bisa jelasin,@cakemet3056,2025-07-03T06:36:56Z,negatif
punya fisik digital dan saham ANTM jugaFISIK harus punya tempat simpan yang aman dulu nitip di brankas kantor beli di onlineshop beberapa tahun yg lalu jualnya agak susah karena disini gak ada butik antam harus keluar masuk toko emas nyari harga jual paling tinggiDIGITAL sejauh ini aman lebih likuid butuh dana cepat bisa dijual seketika kena biaya titip ributahun pegadaian digitalsaham ANTM baru nyoba bukan produk turunan emas lebih cocok buat jangka panjang sambil nunggu deviden tahunan,@jerma1,2025-07-03T02:28:29Z,positif
Saya udah Tahun berada di emas digital Keadaan baikbaik saja Dan bahkan saya teruskan lanjut,@MadiTubee,2025-07-02T10:28:21Z,netral
Aku tim emas fisik,@veraross8552,2025-07-01T01:41:21Z,netral
pake pegadaian emas digital dari harga rban cicil sampe sekarangalhamdullilah amanrekomendasi beli hp khusus investasi untuk saham emas digital dan tabunganbukan untuk transaksi harian bedakan dengan buat medsos youtube dllaman jaya enak emas digital punya duit rb bisa beli emas digital sekian persendan perlu duit tinggal jual dan hari itu duitnya bisa ditf ke rekening sangat fleksiblekalo fisik mau dijual harus bawa dulu ke butik antam kalo apes dijalan dirampokemas fisik disimpan dirumah resiko gede banget DICURIcoba browsing aja BUYANYAK kejadian kemalingan emas fiosik dirumah,@kikimr2649,2025-06-30T05:01:14Z,positif
Q pakai duanyaemas fisik iyadigital iyatp klo digital q pakai cara tiap brp gram harus q cetakbiar lbh aman,@dwiduwok1496,2025-06-29T06:11:11Z,netral
Saya nabung di laku emas Sampai skrngDari Pas covid sampai skrng,@Paonrosen1234,2025-06-28T21:41:34Z,positif
Tahun saya pernah beli emas digital dlu waktu harga ribuan gr Krna ganti nomor saya gak lanjutin nabung Pas bulan ini saya cek saldo saya yg dlu kaget juga saldo saya udah x lipat dari tahun yg lalu Dan bulan ini saya lanjut mulai nabung lagi dan saya rasakan skrg aplikasinya lebih simpel klo dlu bnyk bgt hrus ngapalin banyak sandi Pesan saya nabunglah emas jangn pikirin harga mahal,@IFey10,2025-06-28T17:20:05Z,positif
Mas digital pasti juaranya,@GerardusLay,2025-06-28T13:37:56Z,positif
Aku pernah nabung emas di Pegadaian setelah tahun aku tutup hasilnya bagus Aku pindahin ke BSI,@queenofjune-t1r,2025-06-28T12:01:47Z,positif
ortu punya emas g beli dari jaman an jauh sebelom gw lahir waduh udah untung berapa banyak yahhh,@thomascool1335,2025-06-27T15:27:50Z,positif
Bro apakah bagus pakai dana dan juga analisis nya pakai investing com dan emas com minta sarannya,@Iqbaladryanto,2025-06-27T13:09:29Z,netral
Beli emas digital bagus di Treasury pak bro,@chayramasel,2025-06-27T03:36:26Z,positif
Ayo nabung Emas digital by Treasury nabung mulai dari Rp berizin pastinyakode refferal armyinvestasiemas,@OdaWahyu,2025-06-27T03:26:11Z,positif
mau tanya dong knapa harga emas digital turun tapi harga emas fisik naik,@blibrow,2025-06-27T03:07:05Z,netral
Kalau biaya cetak ema digital itu berapa sih,@kemasrahmatm,2025-06-26T16:06:39Z,negatif
Apakah aman beli emas di brimo kkaa,@liamalivlog2843,2025-06-26T15:11:18Z,netral
Mending nabung dlu trs beli emas fisik atau saham emas sekalian,@kuswonoanto7225,2025-06-26T13:07:04Z,positif
Emang ada bank kustodiannya kayak saham,@metta1996,2025-06-26T09:44:03Z,netral
Pke pegadaian digital,@tiomasimanjorangsimanjoran4102,2025-06-26T09:03:42Z,netral
Emas digital di mana dulu Aplikasi antam ga mungkin,@rajauang9432,2025-06-26T07:42:13Z,netral
Beli emas di dana apakah aman,@abdulhafid07,2025-06-26T06:24:37Z,netral
Rugi nabung emas bukan naik malah turun,@onblackpink,2025-06-26T05:56:08Z,negatif
Ayo mulai nabung emas digital Lumayan sedikit demi sedikit lama menggunung,@sumiahsalim1264,2025-06-26T03:20:17Z,positif
Emas digital,@YandriKatu-s5v,2025-06-26T02:52:56Z,netral
Tutorial ETF pak bro,@doharsinabutar1837,2025-06-26T01:12:18Z,netral
Makasih ilmunya,@Azs05,2025-06-25T20:21:20Z,netral
Pertama,@pinterkuakalnna,2025-06-25T14:51:20Z,netral
emas digitallah wong aplikasi indodax yg resmi terdaftar di bappetibnyak deposit pengguna di maling oleh INDODAX sendiriboro boro emas digital,@RahmadSabarudin,2025-06-25T13:14:15Z,positif
