text;author;publishedAt
Coba tanya Toko Emas, terima emas digital? Hayo Berani mereka? 😂;@nikolasoetomo7063;2026-04-07T12:33:22Z
Kalau menurutku lebih ke emas digital harganya tidak bisa dipermainkan,emas digital harganya bisa dipantau setiap saat;@SriWarastri;2026-04-01T06:53:17Z
"Bukan penipuan sih, kan di awasi OJK juga.<br>Beli Emas digital itu hanya dapat NAMA &amp; ANGKA, lu beli berapapun wujudnya ya cuma nama EMAS.<br>Tanpa kita tahu duitnya diperuntukkan untuk apa, entah itu buat bisnis lain, investasi dll.<br>Kita dapatnya ya hanya NAMA &amp; ANGKA !!!<br>Resiko &amp; keuntungan ya ada di penyedia layanan 😊<br><br>Ada yg jawab: kan di awasi otoritas keuangan?...<br>Ya emang penyedia jasa / layanan apapun itu yang diawasi oleh otoritas keuangan tidak ada yang pernah bermasalah gitu😊";@SetyoPras-n7j;2026-03-21T16:09:21Z
Kesini gara2 ada kenal online orang ngajak investasi emas digital dengan modal awal 200 dollar katanya, gimana ka apakah saya harus percaya sama orang ini? Walau saya cuma kenal di online;@zahreyofficial8318;2026-03-17T07:41:45Z
Kalo beli emas digital di app dana apakah aman?;@arisefendi2472;2026-03-15T12:32:48Z
aplikasi tring penipu aku sdh cetak fisik dan sdh transaksi sdh hampir 2 bulan tks ada realisasi nya, penipuan..;@drhasannurhasan3015;2026-03-14T04:27:07Z
Saya nabung emas di aplikasi DANA apakah aman om di aplikasi DANA ?;@Adamchannel1993;2026-03-12T03:59:35Z
Pemula...2026 baru mulai nabung emas digital...lngsung genjot 1gram...😁;@BEJO-um3xg;2026-03-09T11:19:37Z
sya rencana mau nabung 100k/bulan mending di buat nabung emas digital apa invest di bibit ya?;@FuadArpel;2026-03-07T13:53:33Z
beli emas digital di aplikasi dana gimana?;@santai_aja29;2026-03-06T20:28:47Z
Nabung mas digital di dana aman kah ??;@thatagwahyu1819;2026-03-04T18:56:29Z
Ijin berbagi 😅<br>Saya punya pengalaman.<br>Punya bbrp teman yg punya emas ( cincin, kalung bahkan gelang )<br><br>Setiap mereka jual balik, selalu bilang :<br>1.  Kok murah ya harga jualnya.<br>2. Harga jual beda dgn harga global.<br><br>1 lg punya teman, <br>Secara tdk lgsg dia sllu bilang mau ke bank, mau bayar angsuran. Hal ini berlangsung hampir 1 tahun. Dan saya bertanya krn penasaran, bayarin apa sih ? <br><br>Jawabnya sambil menunduk spt malu2, NABUNG EMAS kak😌<br><br>Saya 😳<br>Saya bertanya lebih dalam dan akhirnya paham !!!<br><br>Setelah itu saya lihat cincin 11gr dijari manis saya 🤔🤔🤔🤔;@DailyVlog_sorong;2026-02-22T02:51:24Z
Terimakasih;@indrasukmayadi4116;2026-02-19T10:01:45Z
Ty apakah emas digital itu;@awolprobolinggo-li2yo;2026-02-17T15:43:53Z
Di cina ribuan tertipu dgn emas digital...;@Sofikumbang18;2026-02-14T01:20:28Z
maaf mas mau nanya .kalo kita beli emas digital misal 100 .atau 200 rbu apkh nominal uang yg kita belikan trhdap emas itu akn brkurang krn sdah d ptong dn d sesuaikan dngan harga jual misal beli 200 rb tp d tabunagan emas kita cuma jd 190.000 .ataukah nominal tetap tp akn d potong saat penjualan emas ?;@Iday-j8q;2026-02-11T01:22:49Z
saya nabung emas digital di Kring pegadaian apakah itu aman kak?<br>udah lumayan sii nominal uang kurang lebih 2 jt;@syafiraputri-d5r;2026-02-10T03:59:05Z
2 kata lucu<br>Emas digital;@rotterdam3789;2026-02-08T15:25:27Z
Bukanya KLO belinya lewat brimo, bisa beli dngn nominal 10ribu, dan skian2,,,, ga hrs 5oribu;@TiwukkuclukKucluk;2026-02-08T06:17:56Z
"nabung digital 0.6 gram di th 2020  kemarin waktu mas naik  coba sy cek  hemmm mas saya tiba&quot; tinggal 0.04";@food3089;2026-02-06T20:23:47Z
manfaatkan tring lah dr pegadaian..bs diuangkan klo kita mo jual lg via rekening bank2 himbara;@ashh4bul-aklam;2026-02-06T13:07:15Z
Enak digital sih kita GK bingung nyimpanya dah bingung nenteng ke mana KLO kita bepergian jauh;@dikiwahyudi2107;2026-02-06T07:56:28Z
Tring by pegadaian apakah aman?;@Fanuelv;2026-02-04T07:14:51Z
Barusan jual emas digital ternyata harga jualnya dibawah pasaran, mereka mengambil untung banyak dengan kondisi saat ini, mending pegang emas fisik !;@tangerangboy;2026-02-04T04:43:12Z
Booodoooh... gak usah nabung di digital, tabungan fiktif.<br>Tabunglah di tabungan yg nyata;@g-channel1773;2026-02-02T01:15:52Z
saya liat di aplikasinya klw emas digital ada biaya tambahan untuk cetak emas fisiknya bang...;@miftahulbait;2026-02-01T10:29:35Z
J Pegadaian ini pt penipu dan gk bertanggung jawab, <br>Saya sdh lunas cicilan emas 100 juta lebih ,  tp emasnya gk ada gk sesuai perjanjian lisan atau tulisan, bahkan di tulisan itu emas punya saya yg saya gadaikan ke pegadiaan trus saya tebus pke cicilan, katanya emasnya gk ada dan gk tau kapan datangnya mau 1 bln, 3 bln, 6 bln , 1 taun atau sampek kiamat jg gk tau. Ditanya cs cs wa atau email jg jawabnya gk tau,<br><br>Note 1 : segera tarik uang kalian atau aset apapun itu dr pegadaian jika ada sebelum terlambat<br>Note 2: kalo mau punya emas beli emas di tempat yg jual emas khusus harga seperti di web, jgn cicil atau tabung digital;@PisangGoreng-y5t;2026-01-31T09:45:47Z
Aku pernah, awalnya takut dan khawatir, ternyata real, aku beli nya ragu2 cm 50,100,150,ahirnya terkumpul 1100000,alhamdullah  ada kenaikan, berkembang jd 1500000,untung 500 rb langsung aku jual dalm satu detik uang masuk ke rekening;@yuliapl5350;2026-01-30T11:53:15Z
"<a href=""https://www.youtube.com/watch?v=L4TWcOnUF9E&amp;t=127"">02:07</a> Emas Digital sudah pasti ada angkanya, tetapi Emas Fisik apakah sudah pasti ada barangnya dan dalam bentuk apa dan siapa juga yang mau jagain emas segitu banyak tapi status emas tersebut punya orang??";@tintondwinanda;2026-01-30T04:31:10Z
saran aplikasi yang digunakan untuk investasi mas<br>apakah di NANOVEST bagus?;@rahmattullah3293;2026-01-29T15:22:04Z
Terimakasih;@iwanjedaru;2026-01-29T14:20:22Z
Sya nabung emas digital sejak 2024 smpe skrg udah profit 21jt..😊;@giofurleidaf;2026-01-29T13:49:45Z
alhamdulilah  selama ini fisik dan digital semuanya ada dan Dua2nya untung  bisa bantu saat2 darurat ❤❤❤❤;@nitasari5758;2026-01-29T13:45:39Z
Kalau mau nabung emas di SDB saja.<br>Di Save Deposit Box .<br>Mantap .;@didi6758;2026-01-29T06:11:08Z
yakin kah keamanannya? lihat lah Dana Syariah Indonesia... sudah terdaftar di OJK juga. buntut2nya ternyata sejak awal itu sudah skema Ponzi... OJK tetap saja tidak bertanggung jawab. bohong semua.;@puteracahyadi;2026-01-29T06:07:33Z
Harga emas sekarang naik derastis hampir 3jt <br>Kalo saya beli sekarang mungkin nggak ya kedepanya harganya anjlok lagi?;@Joeirwan7;2026-01-28T14:59:12Z
Sama² punya kelebihan dan kekurangan masing²;@Suadi_Phang;2026-01-28T01:12:39Z
Dana aman kan bg;@nor_ax8414;2026-01-27T03:38:53Z
Kalo nabung emas di shopee aman gx bang;@tilemotovlog3194;2026-01-27T03:22:54Z
Klo terjadi rush atau penarikan besar²an sekaligus, kuatir emas fisik tidak tersedia. Bank aja dibegituin bisa bleeding, padahal itu tempat menyimpan uang;@armanz.s1032;2026-01-27T03:08:16Z
Kalau Akun Dana Gmn aman Tidak;@Freerapah;2026-01-26T15:36:03Z
Beli emas digital, sama artinya kita beli angin, membayar tapi tidak bisa lihat pisiknya.;@suwardi3248;2026-01-26T15:23:08Z
"Walau ini berita lama tapi saya belum yakin keamananya.<br>Sesuatu yg pemerintah punya aja bisa berantakan , apalagi ini .<br>Contohnya asuransi jiwa sraya , sekarang gak tahu kabarnya.<br>Ini memang beda , tapi ketika nanti terjadi masalah dan akirnya bubar , nasabah tentu dlm posisi lemah.<br>Hal serupa juga terjadi pada pencairan BPJS.<br>Kemarin ada ibu&quot; yg bingung ketika kartu , pakelaring hilang dan perusahaan tempat bekerja tutup.<br>Kata petugas bpjs gak bisa diurus , sudah diambil....katanya. Membuat si ibu semakin bingung dan akirnya pindah kantor bpjs untuk tetap mencari .<br>Tapi ada juga yg kasih informasi bahwa walau punya banyak no bpjs karena pindah2 kerja...nanti bisa dicek dan disatukan kemudian dicairkan jadi 1.<br>Itulah fakta , selalu ada keruwetan.";@tukijan4047;2026-01-25T23:41:57Z
emas digital apa itu? mksh;@sriindriyati-h6s9u;2026-01-24T07:41:43Z
Sy,buat tabungan mas di pegadaian sy coba semua kemudahan spt jual butuh tunai dbyr sesuai hrg emas saat terkini nya,;@TabAdelapanlite-tw3sh;2026-01-23T10:52:58Z
laku emas aman gk;@arcondroagusty1034;2026-01-21T00:33:19Z
Pengalaman saya dari pertama beli emas fisik yang saya alami  beli emas fisik ada jasa upahnya kedua kalau pas kita kepepet kita jual harga nya turun jauh dari harga beli, saya faham kalau bli emas untuk infestasi harus butuh waktu lama baru untung. Dan di tahun 2024 saya memulai dengan membeli emas digital awal beli 1gram di harga rp 1,4juta Dan saya pantau pergerakan emas setiap hari naik dan saya membeli stiap minggu stelah 2 bulan saya profit dari modal 2,8 menjadi 3,4juta. Saya pun coba mengambil keuntungan dengan menjual emas yang saya beli, ternyata ga ada sama sekli potongan. Dan dari itu saya memutuskan untuk inves ke emas digital. Sampai skrg dari bulan 9 2025 dan kini 2026 bulan 1 modal 8,9juta jadi 13,6juta dalam waktu 4 bulan saya profit 4juta 700 ribu 😊;@liberthadewii6142;2026-01-20T19:26:06Z
Saya Dari nabung 100rb sekarang sdh punya 13 gram di pegadaian;@martinuspangaribuan3995;2026-01-20T16:09:05Z
Udah paling aman, nabung emas di pegadaian;@Junarta07;2026-01-20T14:27:06Z
Mohon sarannya, aplikasi apa yg keamanan terjamin untuk investasi emas digital? 🙏;@damiance7072;2026-01-20T11:14:49Z
Sempat nabung di pegadaian sblm pandemi covid...sisa 0.6 gram.<br>Vakum sampai 2025...kirain udah hangus.aku download aplikasi Tring ternyata saldo gramnya utuh,nominal rupiah jadi 1,2 JT dari awal nabung rupiah sktr 380rb...❤;@AgusBudiman-q6r;2026-01-20T04:46:33Z
Kalaw emas digital kalaw kita butuh kita bisa jual senilai kebutuhan saja, misal punya emas 10gram kita bisa jual 2gram 3gram berapapun itu, kalaw punya emas fisik 10gram kita btuh gk senilai jumalah 10gram jual emasnya mau gk mau jual 10gram 1keping itu;@DianAlamsyah;2026-01-20T02:19:27Z
Puji Tuhan Yesus ud beli emas digital di pegadaian untuk di tabung.. aman..❤❤;@kamfrettos9716;2026-01-19T11:03:25Z
Emas ghoib gak ada bendanya😅klo listrik di muka bumi lenyap😂😂menagislah kalian;@liminmua9148;2026-01-19T07:57:11Z
udah sejak lama, kebetulan main ke pegadaian, mau gadai motor (cuma buat numpang nyimpen aja biar aman) ada tv yg nayangin iklan emas pegadaian, isinya seorang ayah yg nabung emas untuk anaknya kuliah dan nerangin harga emas itu selalu naik, sejak saat itu nabung dan g kecewa hasilnya;@whatyoulookingat_11;2026-01-18T15:55:15Z
Saya lebih suka nabung emas dibrimo;@JihanCell-n7u;2026-01-17T04:15:05Z
Nabung emas digital di Pegadaian udah berjalan 2 tahun ... Alhmdulillah aman dan tambah cuan 👍;@sangkelatalquds9227;2026-01-14T22:35:56Z
Mas Bambang paling terpercaya..;@nugrohoarwan6900;2026-01-14T11:17:24Z
Bang Kalau yang ada di Aplikasi Brimo Gimana bang. Bisa di jadikan fisik apa tidak???;@stenlykufla8546;2026-01-14T07:54:42Z
Kadang yang bikin ragu2 , digital bisa dikontrol pemilik web atau aplikasi ...;@PKBMGAJAHMUNGKURWONOGIRI;2026-01-13T05:00:55Z
Makasih sudah di edukasi;@cellistaiueo;2026-01-10T01:36:16Z
Listrik dan koneksi adalah Kunci...;@kasamago;2026-01-09T06:38:31Z
Emas digital udah paling bener..<br>Gk ribet nyimpen nya, kalo fisik resiko hilang,. Harus punya brangkas yg bagus biar aman.<br>Krna rumah masih ngontrak udh paling bener digital aja.<br>Gw nabung emas di pegadaian udah dari 2022.<br>Sampe detik ini alhamdulillah aman-aman saja, mulai nabung dulu masih 1jutaan.<br>Sekarang sudah 2,3 jutaan.<br>Alhamdulillah sudah 47gram<br>Target pertama sampe 100gram, untuk biaya sekolah anak nantinya dan dana pensiun pribadi;@fansyaelfirantama2870;2026-01-08T14:00:14Z
Kalo saya untuk Alesan beli emas di digital nya saya beli dengan harga yg lagi lagi Tpi daya jual nya lagi turun saya berharap nya untuk kesepian nya harga jual nya semakin naik😅;@MasReno-c1y;2026-01-07T11:03:52Z
BANG KLW BELI EMAS DI GITAL PAS UNTUNG DIKIT TRUS  DI AMBIL LABANYA BAIK GK , APA MENING DI BIARIN TAR KLW LABA BESAR BARU JUAL SEMUA;@RumahTasik-k4m;2026-01-07T09:21:55Z
Beli emas digital di Aplikasi Dana cepat dan praktis;@FartinMeharna;2026-01-02T18:24:49Z
Maaf bang kalau dana gimana bang;@adjikautzar244;2026-01-01T05:03:29Z
Gimana klu beli emas di dana? Apakah aman?;@BlackAnt-76;2025-12-29T12:07:23Z
kalo treasure aman gak ko;@WONG_MUMET96;2025-12-27T15:47:41Z
Pengalaman gw investasi emas di Pegadaian aman. Pencariannya juga gak sulit kok. Cuma ya pertimbangin aja dengan biaya2 adminnya + minimal saldo mengendap. Selama ga sering2 diganggu, emas digital aman aja imho buat tabungan yg tahan inflasi.;@kepperbeegames;2025-12-27T09:34:49Z
Penjelasanya bagus auto sub;@boseasep7505;2025-12-27T03:11:10Z
y saya jg mu mas d gital cma kepikir nabung mas sekrng cba lgy dri 2015 udh bnyk;@UinBajil;2025-12-26T16:45:40Z
Apakah indogold aman ?;@YareYare-by7eh;2025-12-22T22:47:58Z
Dana gimna;@muhammadahmadarifin7649;2025-12-22T06:41:29Z
"Mohon bantuannya komandan, kami adalah salah 1 dr sekian banyak ribuan korban penipuan investasi NOAH(dulunya bernama NITG). Kontrak kami disuruh menunggu 135 hari, sampai sekarang belum dibayarkan.<br><br><a href=""http://www.youtube.com/results?search_query=%23trendingtopic"">#Trendingtopic</a><br><a href=""http://www.youtube.com/results?search_query=%23penipuannoah"">#penipuanNOAH</a> <br><a href=""http://www.youtube.com/results?search_query=%23ojktindaknoah"">#OJKtindakNOAH</a><br><a href=""http://www.youtube.com/results?search_query=%23dindinsaepudinpenipunoah"">#DindinSaepudinPenipuNOAH</a><br><a href=""http://www.youtube.com/results?search_query=%23edisuwandikomisiarisnoah"">#EdiSuwandiKomisiarisNOAH</a><br><a href=""http://www.youtube.com/results?search_query=%23dindinsaepudinextukanglelepenipu"">#DindinSaepudinExTukangLelePenipu</a><br><a href=""http://www.youtube.com/results?search_query=%23noahadalahnitg"">#NOAHadalahNITG</a><br><a href=""http://www.youtube.com/results?search_query=%23scamnoahinvestasibodongojk"">#scamNOAHinvestasiBodongOJK</a><br><a href=""http://www.youtube.com/results?search_query=%23noviralnojusticeojk"">#NoViralNoJusticeOJK</a><br><a href=""http://www.youtube.com/results?search_query=%23ojkkamikorbannoah"">#OJKkamiKorbanNOAH</a><br> <a href=""http://www.youtube.com/results?search_query=%23komdigistopbisnisponzi"">#KomdigiStopBisnisPonzi</a><br><a href=""http://www.youtube.com/results?search_query=%23bekukanmoneygameojk"">#BekukanMoneyGameOJK</a><br> <a href=""http://www.youtube.com/results?search_query=%23pakprabowotindaknoahpak"">#PakPrabowoTindakNOAHpak</a><br><a href=""http://www.youtube.com/results?search_query=%23noahgagalbayar135"">#noahgagalbayar135</a><br><a href=""http://www.youtube.com/results?search_query=%23satgaspasti"">#satgaspasti</a>";@yasuiebloser6844;2025-12-20T16:12:18Z
Emas di dana aman gak?;@JonathanMarino-e9f;2025-12-20T10:11:14Z
Di dana cetak emas minimal 0,5gr;@nurfitriasofi18;2025-12-18T15:01:25Z
Baru beli segram udah di ambil lagibahahah;@orihandani3646;2025-12-16T23:32:59Z
beli emas digital di dana tahun lalu. pas beli 1,4. sekarang 2,4.;@Raizsatria-c7y;2025-12-15T08:50:55Z
Klw saya nabung emasnya d aplikasi brimo;@bubucat231;2025-12-15T04:21:47Z
Alasan tidak direkomendasikan membeli emas dan perak etf, 1.jika sistem runtuh semua akan bergantung ke aset riil. Dan mereka yg mengelola asset etf tidak akan memberikan emas fisikmu, 2. Jika tidak ada holder fisik, maka harga emas dan perak akan sangat volatil, karena ada banyak kepentingan yg memanipulasi harga dg praktik spoofing dan short selling, asset yg bagus itu yg likuid namun tidak terlalu likuid, menjual hanya dengan menekan tombol Itu terlalu liquid seringkali menyebabkan harga tidak stabil, sedangkan datang ke toko logam mulia untuk melakukan penjualan itu likuiditas yang sehat.;@Nuriaini-z7q;2025-12-09T22:17:28Z
Om kalo ada orang ..ngajak bisnis emas digital tapi saya tidak mengerti apa apa ...apa yg harus saya lakukan;@saifulanam77;2025-12-08T13:07:59Z
Kalo beli emas di dana gimana tu legal ga ya?;@SitiRisma-vr2il;2025-12-07T05:40:35Z
Melvin mirip sekali sama Patrick Waluyo;@epoernomo;2025-12-01T20:59:59Z
Saya PAXG /XAUT;@didikdh1987;2025-11-28T02:14:31Z
Kalau nabung emas bagusan pake uang dingin biar gak bentar-bentar kita jual emasnya pas ada kebutuhan.;@leonardprihantorosinaga1817;2025-11-27T13:53:24Z
Tetep emas kuasai fisiknya ... Kl emas digital yang menguasai fisiknya siapa Kaka ?;@rilaksaplayground1461;2025-11-23T10:34:05Z
Saya baru akan coba tapi nonton dulu referensi di channel ini 👍;@AhmadIqraNagara;2025-11-20T15:15:17Z
Saya nabung mas 20 gram Di 5 tahun yg lalu sharga 850 per gram.. mau Di pakai mungkin 10 tahun lagi nunggu anak kuliah;@dorisa1214;2025-11-19T14:14:27Z
Udh males skrg sm mas fisik kalo jual suka dimainin sm cici tokonya bukanya untung malah minus 😢;@olivechannel22;2025-11-15T09:21:37Z
info dong buat beli emas fisik di apk ap yg bagus;@Alfin86-x7u;2025-11-15T07:20:52Z
saya beli 1 gram emas digital di pegadaian langsung mines 300rb karena harga beli mahal dari pada harga jual;@JiromBeats2;2025-11-14T08:57:58Z
Pegadaian berarti gak legal ya bang soalnya gak ada di website bappebti ???;@yustiyanahabsari3540;2025-11-14T07:35:46Z
Saya baru 5 bulan itupun baru naek sekarang karna sering dipantau;@fahmimohamadrivai6359;2025-11-12T09:58:54Z
Saya lebih enak pake mas Digital bisa di pantau grafiknya di jual kapan pun enak tanpa di bohong²in sama penjual😂;@Drabocalm;2025-11-11T12:48:15Z
izin bertanya, jika beli emas di aplikasi dana itu aman ga? tolong di jawab🙏;@Risky-wz3gz;2025-11-10T12:21:35Z
Aku masih jadul cara berfikir nya, tetap aja aku harus pegang fisik nya. Seperti halnya deposito jg begitu. Tetep aja harus pegang fisik ... Wkwkwk .;@MawarPutih-e7f;2025-11-10T00:08:14Z
FOLOW kakak;@topekkamali6969;2025-11-09T10:09:39Z
Aku di dana baru 1 minggu udah naik 0,6%😅;@NungSleep;2025-11-08T12:44:15Z
Sy menabung tabungan emas shopee kerjasama treasury, penggunaannya sangat mudah dan simpel ibarat menabung tanpa khwtr terkena inflasi, aman dan mudah di cairkan;@judawirbariah2676;2025-11-07T17:19:48Z
"selama ini transaksi dengan bsi dan pegadaian tidak pernah kecewa. kalau aplikasi biasanya buat beli dari &quot;recehan&quot; sisa budgeting sih. kalau sudah 5 gr difisikkan. kalau cicil emas bagusan offline lah datang ke kantornya, auto debet tiap bulan. jadi kaya nabung, tapi ini bentuknya emas. so far so good.";@buatkerja-g5w;2025-11-07T02:49:14Z
"Udah jalan 5 tahun pakai tabungan emas digital di pegadaian. Nabung bukan krna nyari untung, tapi untuk menghindari inflasi aja. Target sebisanya 10gr pertahun. Nabung emas cara saya ya uang yg dipakai adalah uang yg diperkirakan &quot;bebas&quot; untuk minimal 2-3 tahun kedepan, diluar dari kebutuhan pokok dan harian serta dana2 darurat.<br>Sejauh ini masih berjalan lancar aja.<br><br>Kenapa pilih digital dan bukannya fisik? Soalnya saya nomaden. Sering pindah2 tempat tinggal dan kerja. Maunya ingin yg emas fisik, tapi tak sampai hati mengingat sifat saya yang lumayan teledor.";@justbecause2921;2025-11-05T12:54:51Z
Emas digital ga harus si cetak fisik ko?<br>Jd bisa dijual ndk langsung tanpa cetak fisik?tq;@Bohinyess;2025-11-04T15:49:33Z
Agak mirip elon musk selewat pak wkwkwk;@icancal;2025-11-03T19:23:59Z
"adek&#39;kaum milenial harus cerdas ya dek , harus pakai logika sebelum menyesal , sampai sini paham kan.";@LittleBee-k3n;2025-11-03T19:15:38Z
Arwanatoto tempat cuan cepat, Modal receh, hasilnya lebat!🍀🍀🍀🍀;@LongKim_5811;2025-11-03T05:52:06Z
Arwanatoto tempatnya nyata, Main sebentar, saldo nambah nyata!🥂🥂🥂🥂;@An.Viên.Mạnh;2025-11-03T05:52:02Z
Bng tapi saya di aplikasi pluang sprednya sekarang jauh banget sampe 9.2%. Gimana ya?<br><br>Dulu waktu masih awal tahun 2025 masih stabil 3.5-4%. Sekarang 9.2%;@agungprasetyo9984;2025-11-01T12:04:49Z
Terimakasih kho infonya sukses selalu;@sujadijamal8070;2025-10-31T08:51:03Z
seandainya suatu saat semua nasabah mau minta emas fisiknya, apakah perusahaan sanggup menyediakan?;@bobbysaputra4real;2025-10-30T08:40:45Z
Beli emas itu tunai dalam satu majelis akad dan tidak boleh bertangguh;@SulaksanaNanda;2025-10-29T23:48:45Z
udah maen emas digital selama 3 thun... simple dan aman;@dimaswibowo6011;2025-10-29T23:23:14Z
Lebih aman di pegadaian karna ada kantor cabang nya klo ada apa apa kita bisa kunjungi;@Hartoyo-Car;2025-10-29T15:29:26Z
kalau beli emas di aplikasi Dana aman gak sih?;@bumblebee119;2025-10-29T00:44:25Z
Saya beli Dinaran mas digital;@dennyirawan8725;2025-10-27T14:24:44Z
mau tanya dong. apk dana aman ga ya buat beli emas digital. ada yg pernah beli di dana?;@fitriadc5892;2025-10-27T00:40:02Z
Akun saham di bank terkenal aja biss ilang di bobol.uang di bank juga bisa ilang...ngeri sih bentuk digital;@wisatakuliner122;2025-10-26T22:20:55Z
Bri emas kerja sama dengan pegadaianya, lebih ok oplikasi bri apa bsi kak utk tabungan emas nya;@ny.yesipradhanafahriza1776;2025-10-24T05:45:21Z
Saya di gital sudah untung 30 juta rupiah 😂😂😂;@muhammadsaidsaid129;2025-10-24T04:11:03Z
Maaf kak,tanya tentang aplikasi dinaran itu apakah aman? Karna istriku dah keracunan saudara🙏,  mohon dijawan;@wongsepele1719;2025-10-23T23:06:05Z
Sy baru memulai Investasi emas dan etf,, mudahan bisa continue terus..aamiin;@random_85;2025-10-23T12:06:09Z
Aplikasi rawan sekali hilang;@Agusman-f4r;2025-10-23T04:10:12Z
Lebih aman mas pisik jelas lihat emasnya Suai kemampuan aja beli emasnya;@Agusman-f4r;2025-10-23T04:09:41Z
Alhmdulillah tahun 2024 udah mulai nabung emas digital di pegadaian... Walaupun telat menabung tp tetap semangat menuju Indonesia emas 😁👍;@sangkelatalquds9227;2025-10-21T10:24:08Z
kalau hukum perdagangan syariah harus ada fisik emasnya sedangkan digital itu emasnya halu … so sebaiknya harus ada fisiknya;@lundyfirdiansyah3374;2025-10-21T09:51:20Z
saya lebih suka emas fisik, klo dah ngumpul, tuker ke tanah. Pernah pake digital, gk sukanya ada potongan admin setiap beli dan biaya /tahun, mengendap 0.1gr.;@renreline6039;2025-10-21T08:20:33Z
Lebih untung emas digital lah. Potongan ga banyak cuma 2-3 persen klo fisik nya bisa di atas 6 persen;@unboxingnew3612;2025-10-21T06:09:20Z
saya udah pakai aplikasi emas digital,<br><br>aplikasi DINARAN sejak 2021, harga emas waktu itu 950rb-an per gram...<br><br>dan smpai skrg menjelang akhir 2025 masih pakai aplikasi DINARAN...<br>😅;@rhozyakhmed4121;2025-10-20T18:08:29Z
Saya lebih suka nabung XAUT di Bitget, OKX, atau Binance, baru mulai.;@Westpro_99;2025-10-20T10:16:52Z
sudah pernah pakai pluang, pegadaian dan saat ini masih punya aset di treasury;@Blitar_Keren;2025-10-20T03:22:45Z
Risiko emas digital,saat internet di seluruh dunia mati total;@baradurhaka;2025-10-19T17:56:11Z
Yang udh pasti investasi emas digital di pegadaian aja, yg udh past legal.. bisa di buy back, cetak fisik bs juga di gadein<br><br>Tanpa ribet tring pegadaian. Danantara;@herman3781;2025-10-19T08:40:01Z
"Mulai nabung emas digital pegadaian sejak emas fisik Antam mulai sulit didapat &amp; harus antri. Emas digital mudah dibeli &amp; mudah dijual gak perlu antri &amp; ribet. Kalau mau cetak emas fisiknya juga mudah lewat aplikasi tring pegadaian hanya harus sabar nunggu untuk bisa dapat emas fisik. Terakhir Agustus 2025 saya antri 2 bulan untuk cetak emas fisik tabungan emas pegadaian.";@CrewjoGarden;2025-10-19T05:10:24Z
Emas digital gak ribet kalo jual/beli tinggal pake hp lgsg kelar...ga harus panas2an keluar rumah,pake motor/mobil,pake jilbab/topi...;@arini5174;2025-10-18T23:03:37Z
pengen jg ni...hars cba tdk ad kata trlmbat😊;@RemonUlunorolalengUlunorolalen;2025-10-18T22:22:26Z
Belum pernah, bagimana keamanan dan keuntungannyq;@DRdtpadukotuan;2025-10-17T23:18:16Z
Treasury aman ga ya?;@muhammadfadholimunthaha4053;2025-10-17T17:26:31Z
Apakah investasi di dana aman min?;@Pratamaaldo-b7k;2025-10-17T13:30:36Z
Bahas e-mas di BSi dong bang;@karimachan1160;2025-10-17T10:09:00Z
Lebih aman di indogold, dana atau tring by pegadaian;@Nakiyagamingyt;2025-10-17T02:53:06Z
Sy lebih suka emas digital, cuma takutnya perusaan nya tutup, tapi semoga tidak tutup, Krn belinya lebih mudah tampang;@maiyajutek2716;2025-10-17T01:37:57Z
digital ada biaya perawatan kok aneh tdk ada fisik tapi ada biaya perawatan .;@ikilaptopservicelaptopmala2347;2025-10-16T21:24:25Z
Saya sudah mulai Dari 3 bulan lalu , saat harga sekitar 1.8 jt / bulan. Telat sih memang tau gitu saya deposit ke emas sejak 5 taun lalu. Lebih baik gak usah nunggu turun kalo udah punya uang lebih.;@endrotom7723;2025-10-16T14:24:49Z
Mas digital;@cahayadanzahwa-r3w;2025-10-16T08:04:19Z
Penipuan,,,,,krn ga pegang emas aslinya,.........hati2 waspada....;@DanuWijaya-t3l;2025-10-16T01:36:36Z
Utk skrg digital aja karn fisik capek...cpt banget berubahhya;@nyiradentriumiati1184;2025-10-15T23:17:02Z
Emas kok digital , orang kalo beli emas itu ya ada barangnya , minimal gawe ngantem kirik kaing kaing ..;@Ether2025-u3u;2025-10-15T08:48:18Z
Aplikasi dana ada emas fisiknya juga gk;@Pratu.X;2025-10-15T04:48:45Z
lebih fleksible kepemilikan emas lebih mudah dengan gramasi bebas 10rb pun dpt. <br>klo beli fisik malah belum tentu dapat. . . <br>krn yg bikin langka itu krn kepemilikan digital itu. . . sudah ditimbun jadi sangat sedikit yg di jual secara fisik. . . <br>gorwng menggoreng.;@10jt.LAPANGANKERJA;2025-10-14T09:59:46Z
Beli emas bersamaan dengan uang nya ,,lepas uang pegang emas , di satu tempat di satu waktu ,,jika tidak maka akan menjadi riba,,,,,,,ingat itu;@masudsubchan821;2025-10-14T07:56:28Z
Iming iming pindah emas asli ke emas digital itu sama seperi iming iming saat pindah dari emas ke bon utang yang sekarang disebut uang. Iming iming lebih gampang, lebih aman taunya zonk. Bank ga nyimpen emas sejumlah bon yang mereka keluarkan. Akhirnya nilai bon terus devaluasi😂;@babasbebas951;2025-10-14T00:08:38Z
Awalnya sya rugi 10% emas digital. Tapi sekarang ini sudah untung 30%;@ikrarkhyra1456;2025-10-13T15:19:21Z
Kalau nabung emas digital di DANA aman kah bang?;@sulfiadifirdaus6833;2025-10-13T11:44:18Z
emas digital sama uang kertas, sama-sama berdasarkan kepercayaan;@ariefxsofyan;2025-10-13T02:08:48Z
"hati&quot; selalu<br>aku aja beli setelah 5 hari mau cetak emas katanya kosong 😂😂😂 1 gram kosong 2 gram kosong disemua merek juga kosong.<br>dan saldo kita harus ngendap 0,1 gram 😂😂😂 <br>ini aku beli diaplikasi pegadain😂😂😂";@AbdullahStore-m7j;2025-10-12T11:24:53Z
saya nabung emas digital di aplikasi brankas LM Antam karena sudah diawasi Bappebti 🔥;@adityanugroho8965;2025-10-12T11:05:21Z
Bang, kalo inves emas digital di apk Dana Apakah Aman;@YanuarRomadhon98;2025-10-10T17:44:55Z
Klo tidak dapat dipegang brrti itu bukan punyamu... Se Simple itu;@thanksomben;2025-10-09T15:50:50Z
Klo di trasure apakah sdh dilindungi oleh pemerintah bang?;@desawisatasetulang4137;2025-10-07T04:38:52Z
Hah tutup, kalo masal kan kita pilih waktu 10 thn, tapi di pertengahan perusahaan tutup, trus gimana uang kita<br><br>Maaf pemula 🙏;@rizalsaputra7981;2025-10-04T05:49:19Z
Kalau nabung emas d Aplikasi Dana aman ga bang mohon d jawab 🙏;@frendikasimbar2028;2025-10-03T21:54:59Z
saya baru mencoba nabung beli emas digital  dgn harga RP 57.000 di peluang😂😂😂😂;@theeaglest9982;2025-10-03T07:16:04Z
Bang mau tanya klo seumpama beli emas di apk dana apakah aman;@ZidaneAlifiansyah;2025-10-01T18:58:35Z
asekk..melek digital...yuk invest mulai sekarang;@AZHARIAz-d2d;2025-09-30T17:58:14Z
Untuk orang tua pastinya fisik;@adipaticlose2127;2025-09-27T16:32:22Z
Oke oke;@gadisbiru2875;2025-09-27T04:34:17Z
Gue lagi nabung eMAS digital di aplikasi Dana dan lagi nabung bitcoin di aplikasi ajaib.;@muhammadwibowo-rp9cr;2025-09-26T08:48:31Z
10grm skrng hrga 20900000.;@candikuninga4748;2025-09-26T07:31:15Z
Aman gak ya;@AyuNazwa-r2r;2025-09-23T09:28:40Z
Saya pke apk dna buat nyicil emas, apakah aman kasih saran dong;@thekingofDarkness1211;2025-09-22T18:28:04Z
apakah rekomendasi beli emas digital di apk dana, and apakah bisa cair cepat saat dibutuhkan untuk darurat saat akan di jual, dan apakah mudah saat akan mencetak emas itu kebentuk fisik nya dan dimana bisa di ambil emas fisik nya dan apakah ada surat² dll, dan sekali lagi apakah masih rekomendasi buat beli e-MAS digital di apk dana? <br>soalnya temen saya pernah beli di apk dana waktu thn 2023 10gram emas digital waktu mau di cetak fisik itu susah lama and cair nya ga bisa langsung spontan seperti pas awal beli e-MAS digital nya... bantu Jawab dude;@rifkigamink6743;2025-09-22T13:18:53Z
Jgn lupa emas digital pun bisa hilang;@cashtree266;2025-09-21T16:07:07Z
kalau investasi emas di Brimo aman ngga, bantu jawab, saya pemula🙏;@jakmania-ul6gu;2025-09-19T23:17:02Z
Lagi bingung nih, antara mau nabung emas digital di BRANKAS Antam atau emas digital di pegadaian? Masukannya dong ,mana yang lebih aman dan menguntungkan;@ayuseptiani8586;2025-09-17T01:03:46Z
Lu pilih yg digital atau fisik bang skrg dan kedepannya?;@AntGaming-yZR;2025-09-11T04:58:07Z
Mending nabung emas fisik tp diem diem aja jgn koar koar ke tetangga kanan dan kiri nanti jadi target loh 😂 kalau Invest ke tanah jgn di anggurin nanti di sita negara 😢;@endadbandenk2458;2025-09-02T17:15:57Z
Emas di aplikasi gak naik2😂;@Randiazuro.89;2025-09-02T01:38:32Z
Kalo beli emas di aplikasi dana aman gak ko?;@menolqurt8993;2025-08-28T16:46:59Z
Bang lbh baik tabung emas di BSI atau pegadaian;@latifahbedadewa5766;2025-08-26T09:51:26Z
Alhamdulillah dapat pencerahan makasih bang;@MayaAyunita;2025-08-23T16:39:45Z
Dulu dolar di backup emas,mungkin emas digital masih di backup emas asli sekarang,ga tau nanti.semakin emas banyak yang beli dan emas fisik itu terbatas maka boom boom boom😅;@ranadrana3520;2025-08-23T07:30:41Z
klo beli emas digital gold Dubai apa aman;@kholikyoutube212;2025-08-22T23:51:59Z
Bengkulu hadir abangku....;@yantoowaee;2025-08-20T09:30:55Z
Saran Apk yang aman buat nabung emas digitalll?;@inalaeliherlina4475;2025-08-20T06:46:31Z
app dana aman ga;@AGUSIPIR;2025-08-18T12:44:05Z
saya nabung emas digitalnya di DINARAN, alhamdulillah aman dan banyak pilihannya.;@abdulwahabnurbachtiar4391;2025-08-13T00:17:35Z
Saya pakai aplikasi pegadaian digital bisa beli minimal 10 ribuan;@Saiful_Bahri1983;2025-08-11T13:47:37Z
Aku ada tabungan 6jt,saran dong biar uang nya bs ngalir dan berkembang trs, aku harus apa??;@Tyonugroho_22;2025-08-09T02:23:59Z
buka rekening BRIMO cuma mau nabung emas doang;@Sauqy-aoki;2025-08-05T16:24:01Z
saya lebih suka emas fisik,alhamdullilah udah terkumpul 45 gram antam ,kalau emas digital takut di bobol hacker;@Sallyairt;2025-08-04T22:43:49Z
pegadaian digital gak ada persetase keuntungan dari akumulasi harga beli emasnya.<br>treasury, bareksa, pluang, dana, ada semua.;@riffa.sport91;2025-08-04T13:56:02Z
Investasi emas digital tidak aman dan merugi didalam kekacauan negara ,perang, perang hacker, bencana yang merusak saluran internet,;@benisuroyo8293;2025-08-04T01:12:49Z
"Penginnya sih emas fisik,tp banyang&quot; emas palsu membayangi terus";@diil2368;2025-08-02T02:31:41Z
Kalau menabung di pegadaian  apakah menguntungkan atau tidak;@umbuhuri9847;2025-08-02T01:51:45Z
kalo beli emas di dana aman ga;@muhammadramadhan7582;2025-07-23T14:58:12Z
b;@Vicky-ys4pc;2025-07-22T15:26:58Z
Saya nabung di emas digital, setelah mencapai jumlah tertentu, saya cetak dan simpan. Biar kelihatan aja barangnya 😄;@adityawatichandrakirana230;2025-07-21T11:16:52Z
Klw emas digital kadang mainin system?ky slippage;@hevyzx9768;2025-07-19T21:36:41Z
Kalau Tabungan Emas Pegadaian itu dibawah pengawasan OJK. Beda aturan dengan yang dibawah bapepti.;@benywibisono;2025-07-19T08:01:49Z
Saya mulai menabung emas digital dari tahun 2023;@teukucmuhammadasrulajlastr2122;2025-07-18T14:50:04Z
